Date,Castlereigh,Norton,Maussakele,Canyon,Lakshapana,Upper Kotmale,Kotmale,Victoria,Randenigala,Rantambe,Bowatenna,Ukuwela,Samanala Wewa,Kukuleganga,Maskeliya (DOM),Inginiyagala,Total,Max,Min
2025-06-18,0.5,2.0,0.0,0.4,1.0,1.5,0.0,0.0,0.0,0.0,0.0,0.0,0.0,5.0,NA,,10.4,5.0,0.0
2025-06-19,,,,,,,,,,,,,,,,,,,
2025-06-20,14.0,34.9,8.0,20.0,24.9,11.2,12.5,0.0,0.0,0.0,0.0,7.3,0.0,8.0,NA,,140.8,34.9,0.0
2025-06-21,47.0,56.2,40.0,42.5,50.3,40.5,11.6,0.0,0.0,0.0,4.5,4.9,0.0,5.0,NA,,302.5,56.2,0.0
2025-06-22,22.0,46.0,15.3,31.8,33.5,11.7,5.0,0.0,0.0,0.0,0.0,4.3,0.0,8.0,NA,,177.6,46.0,0.0
2025-06-23,,,,,,,,,,,,,,,,,,,
2025-06-24,6.0,5.8,4.4,4.5,5.0,4.1,2.5,0.0,0.0,0.0,0.0,0.0,0.0,7.0,NA,,39.3,7.0,0.0
2025-06-25,15.0,21.6,9.5,23.0,25.0,7.8,9.6,0.0,0.0,0.0,0.0,1.5,0.0,25.0,NA,,138.0,25.0,0.0
2025-06-26,6.0,21.5,3.0,8.2,47.2,7.4,11.8,0.0,0.0,0.0,1.1,2.9,0.0,4.0,NA,,113.1,47.2,0.0
2025-06-27,,,,,,,,,,,,,,,,,,,
2025-06-28,,,,,,,,,,,,,,,,,,,
2025-06-29,0.0,0.0,0.0,0.0,0.0,0.0,0.0,0.0,0.0,0.0,0.0,0.0,0.0,0.0,NA,,0.0,0.0,0.0
2025-06-30,0.0,0.0,0.0,0.0,0.0,0.0,0.0,0.0,0.0,0.0,0.0,0.0,0.0,0.0,NA,,0.0,0.0,0.0
2025-07-01,,,,,,,,,,,,,,,,,,,
2025-07-02,,,,,,,,,,,,,,,,,,,
2025-07-03,,,,,,,,,,,,,,,,,,,
2025-07-04,,,,,,,,,,,,,,,,,,,
2025-07-05,,,,,,,,,,,,,,,,,,,
2025-07-06,5.0,1.7,1.7,10.5,0.8,1.5,0.0,0.0,0.0,0.0,0.0,0.0,0.0,8.0,NA,,29.2,10.5,0.0
2025-07-07,1.5,1.5,0.0,1.8,1.5,1.7,0.0,0.0,0.0,0.0,0.0,0.0,0.0,0.0,NA,,8.0,1.8,0.0
2025-07-08,2.0,1.5,4.2,5.5,0.9,0.0,0.0,0.0,0.0,0.0,0.0,0.0,0.0,5.0,NA,,19.1,5.5,0.0
2025-07-09,1.0,38.5,0.6,12.0,33.8,0.0,0.0,0.0,0.0,0.0,0.0,0.0,0.0,3.0,NA,,88.9,38.5,0.0
2025-07-10,0.0,0.0,0.0,0.7,15.5,0.0,0.0,0.0,6.0,25.0,0.0,0.0,0.0,2.0,NA,,49.2,25.0,0.0
2025-07-11,2.5,16.7,1.0,4.5,53.9,1.0,1.5,0.0,0.0,0.0,0.0,0.6,0.0,16.0,NA,,97.7,53.9,0.0
2025-07-12,11.0,20.6,7.5,15.2,18.0,5.2,0.0,0.0,0.0,0.0,0.0,0.9,0.0,14.0,NA,,92.4,20.6,0.0
2025-07-13,3.0,12.6,5.8,9.2,7.2,0.5,8.2,0.0,0.0,0.0,0.0,0.0,0.0,9.0,NA,,55.5,12.6,0.0
2025-07-14,13.5,15.0,10.0,18.0,18.3,9.7,2.0,0.0,0.0,0.0,0.0,0.0,0.0,0.0,NA,,86.5,18.3,0.0
2025-07-15,27.0,27.2,24.0,37.1,16.0,1.7,4.5,0.0,0.0,0.0,0.0,0.0,0.0,16.0,NA,,153.5,37.1,0.0
2025-07-16,16.0,28.0,18.0,22.0,14.7,12.7,6.3,0.0,0.0,0.0,0.0,4.6,0.0,7.0,NA,20.0,149.3,28.0,0.0
2025-07-17,13.3,18.2,9.0,12.5,9.6,3.7,1.4,0.0,0.0,0.0,0.0,0.0,0.0,0.0,NA,20.0,87.7,20.0,0.0
2025-07-18,82.2,90.6,66.0,106.0,67.0,22.7,22.5,0.0,,0.0,0.0,6.4,0.0,14.0,NA,,477.4,106.0,0.0
2025-07-19,58.0,42.0,47.0,56.4,27.7,48.7,25.0,0.0,0.0,0.0,0.0,1.7,0.0,15.0,NA,,321.5,58.0,0.0
2025-07-20,72.0,30.0,36.3,60.2,22.9,25.8,33.8,5.0,0.0,0.0,2.1,19.0,0.0,17.0,NA,,324.1,72.0,0.0
2025-07-21,85.0,67.2,60.5,70.8,52.0,41.2,43.0,2.5,0.0,0.0,5.5,21.1,4.0,20.0,NA,,472.8,85.0,0.0
2025-07-22,,,,,,,,,,,,,,,,,,,
2025-07-23,53.5,51.0,21.0,52.5,39.0,41.7,21.4,5.5,0.0,0.0,4.8,28.4,0.0,16.0,NA,,334.8,53.5,0.0
2025-07-24,12.5,8.7,9.0,13.1,8.1,13.3,3.5,1.1,0.0,0.0,0.0,1.2,0.0,7.0,NA,,77.5,13.3,0.0
2025-07-25,20.0,29.0,18.5,31.2,26.4,6.3,9.6,0.0,,0.0,0.0,4.8,0.0,22.0,NA,,167.8,31.2,0.0
2025-07-26,,,,,,,,,,,,,,,,,,,
2025-07-27,0.0,0.5,0.5,0.3,0.0,0.0,0.0,0.0,0.0,0.0,0.0,0.0,0.0,0.0,0.0,0.0,1.3,0.5,0.0
2025-07-28,0.0,0.0,0.0,0.0,0.0,0.0,0.0,0.0,0.0,0.0,0.0,0.0,0.0,0.0,0.0,0.0,0.0,0.0,0.0
2025-07-29,0.0,0.0,0.0,0.0,0.0,0.0,0.0,0.0,0.0,0.0,0.0,0.0,0.0,0.0,NA,32.0,32.0,32.0,0.0
2025-07-30,0.5,0.4,0.3,0.8,0.8,0.0,0.0,0.0,0.0,0.0,0.0,0.0,0.0,0.0,0.0,0.0,2.8,0.8,0.0
2025-07-31,0.0,0.5,0.0,0.3,0.2,0.0,0.0,0.0,0.0,0.0,0.0,0.0,0.0,0.0,0.0,0.0,1.0,0.5,0.0
2025-08-01,4.0,7.5,6.1,11.5,5.3,0.6,3.5,0.0,0.0,0.0,26.2,2.0,0.0,2.0,5.5,5.5,79.7,26.2,0.0
2025-08-02,18.0,10.7,24.0,17.2,7.5,3.6,3.5,1.8,0.0,0.0,0.0,0.0,0.0,14.0,60.5,2.0,162.8,60.5,0.0
2025-08-03,,56.5,40.0,55.6,56.3,0.0,76.0,6.3,,6.7,1.6,33.3,13.0,13.0,18.5,0.0,376.8,76.0,0.0
2025-08-04,6.0,11.6,1.0,5.7,9.3,2.1,1.8,0.0,0.0,0.0,0.0,0.0,0.0,0.0,1.0,0.0,38.5,11.6,0.0
2025-08-05,,,,,,,,,,,,,,,,,,,
2025-08-06,1.0,1.3,1.0,0.5,0.7,1.0,0.0,0.0,0.0,0.0,0.0,0.0,0.0,0.0,0.5,0.0,6.0,1.3,0.0
2025-08-07,1.0,4.0,0.0,1.7,1.1,0.0,0.0,0.0,0.0,0.0,0.0,0.0,0.0,1.0,0.0,0.0,8.8,4.0,0.0
2025-08-08,0.0,0.4,0.0,0.0,0.0,0.0,0.0,0.0,0.0,0.0,0.0,0.0,0.0,0.0,0.0,0.0,0.4,0.4,0.0
2025-08-09,,,,,,,,,,,,,,,,,,,
2025-08-10,0.0,0.7,1.0,0.3,0.5,0.0,1.0,0.0,0.0,0.0,0.0,0.0,0.0,5.0,1.0,2.0,11.5,5.0,0.0
2025-08-11,18.0,27.0,11.5,22.3,29.9,11.9,10.5,0.0,0.0,0.0,0.0,10.0,0.0,30.0,7.5,12.0,190.6,30.0,0.0
2025-08-12,18.0,15.3,9.0,21.6,13.1,15.2,11.2,0.0,0.0,0.0,0.0,3.6,0.0,25.0,5.5,0.0,137.5,25.0,0.0
2025-08-13,26.0,18.2,3.4,24.0,6.6,3.8,0.0,0.0,0.0,0.0,0.0,0.0,0.0,23.0,3.0,0.0,108.0,26.0,0.0
2025-08-14,5.3,6.5,2.6,4.6,6.3,4.0,2.4,0.0,0.0,0.0,0.0,3.6,0.0,1.0,0.0,0.0,36.3,6.5,0.0
2025-08-15,22.0,9.8,8.5,23.2,9.4,6.8,5.5,0.0,0.0,0.0,0.0,3.0,0.0,2.0,8.5,0.0,98.7,23.2,0.0
2025-08-16,22.0,24.7,17.0,26.4,14.2,27.7,9.5,0.0,0.0,0.0,5.1,3.1,0.0,26.0,20.0,0.0,195.7,27.7,0.0
2025-08-17,18.0,34.0,13.0,19.3,26.4,13.6,16.0,0.0,0.0,0.0,1.4,11.0,0.0,15.0,7.5,0.0,175.2,34.0,0.0
2025-08-18,0.0,0.0,0.0,0.0,0.0,0.0,0.0,0.0,0.0,0.0,0.0,0.0,0.0,0.0,0.5,0.0,0.5,0.5,0.0
2025-08-19,0.0,0.0,0.0,0.0,0.0,0.0,0.0,0.0,0.0,0.0,0.0,0.0,0.0,0.0,0.0,0.0,0.0,0.0,0.0
2025-08-20,0.0,0.0,0.0,0.0,0.0,0.0,0.0,0.0,0.0,0.0,0.0,0.0,0.0,0.0,0.0,0.0,0.0,0.0,0.0
2025-08-21,0.0,0.0,0.0,0.0,0.0,2.9,0.0,16.0,0.0,0.0,0.0,0.0,0.0,0.0,NA,0.0,18.9,16.0,0.0
2025-08-22,0.0,0.0,0.0,0.0,0.0,0.0,0.0,0.0,18.0,3.2,0.0,0.0,0.0,0.0,0.0,0.0,21.2,18.0,0.0
2025-08-23,2.0,3.7,0.5,1.1,3.0,0.0,0.6,0.0,0.0,0.0,0.0,0.0,0.0,0.0,0.5,15.0,26.4,15.0,0.0
2025-08-24,0.0,0.0,0.0,0.0,0.0,0.0,0.0,0.0,0.0,0.0,0.0,0.0,0.0,0.0,0.0,0.0,0.0,0.0,0.0
2025-08-25,0.0,0.0,0.0,0.0,0.0,0.0,0.0,0.0,0.0,0.0,0.0,0.0,0.0,0.0,0.0,5.0,5.0,5.0,0.0
2025-08-26,2.5,7.6,0.0,1.0,17.4,0.0,7.2,0.0,0.0,0.0,0.0,0.0,0.0,2.0,0.0,0.0,37.7,17.4,0.0
2025-08-27,25.9,31.2,21.2,30.4,27.0,13.2,16.0,2.6,0.0,0.0,0.0,3.2,0.0,30.0,31.0,0.0,231.7,31.2,0.0
2025-08-28,26.5,25.5,22.0,30.0,24.7,14.6,11.2,0.0,0.0,0.0,0.0,0.0,0.0,7.0,23.0,0.0,184.5,30.0,0.0
2025-08-29,8.0,7.5,2.0,5.0,5.6,5.5,0.0,0.0,,0.0,0.0,0.0,0.0,2.0,2.5,0.0,38.1,8.0,0.0
2025-08-30,13.0,15.6,8.3,19.3,10.0,6.0,0.8,0.0,0.0,0.0,0.0,0.0,0.0,2.0,10.0,0.0,85.0,19.3,0.0
2025-08-31,,9.2,2.0,11.1,3.6,4.5,3.0,0.0,,0.0,0.0,0.0,0.0,7.0,1.5,0.0,41.9,11.1,0.0
2025-09-01,11.0,13.0,6.4,11.2,8.0,7.0,18.7,0.0,0.0,0.0,0.0,0.0,0.0,0.0,6.5,0.0,81.8,18.7,0.0
2025-09-03,,28.0,6.1,7.5,21.6,5.1,1.4,0.0,,0.0,0.0,0.0,0.0,6.0,4.0,0.0,79.7,28.0,0.0
2025-09-04,0.0,0.5,0.0,1.1,0.7,3.4,0.0,0.0,0.0,0.0,0.0,0.0,0.0,0.0,0.0,0.0,5.7,3.4,0.0
2025-09-05,0.0,0.0,0.0,0.0,0.0,0.0,0.0,0.0,0.0,0.0,0.0,0.0,0.0,0.0,0.0,0.0,0.0,0.0,0.0
2025-09-06,0.0,4.3,0.0,0.0,0.0,0.0,0.0,0.0,0.0,0.0,0.0,0.0,0.0,0.0,0.0,36.0,40.3,36.0,0.0
2025-09-07,0.0,0.0,0.0,0.6,0.0,0.0,0.0,0.0,0.0,0.0,0.0,0.0,0.0,0.0,0.0,0.0,0.6,0.6,0.0
2025-09-08,27.0,36.0,6.3,8.7,24.1,23.2,7.0,34.0,0.0,2.4,56.4,4.5,6.0,18.0,9.5,0.0,263.1,56.4,0.0
2025-09-09,32.0,17.5,28.0,20.3,7.1,3.0,5.6,23.4,0.0,0.0,20.2,3.1,0.0,0.0,37.5,0.0,197.7,37.5,0.0
2025-09-10,0.0,0.0,0.0,0.0,0.0,0.0,1.0,0.0,0.0,0.0,0.0,0.0,0.0,0.0,0.0,20.0,21.0,20.0,0.0
2025-09-11,1.0,9.2,4.0,0.5,0.0,2.5,1.4,0.0,0.0,0.0,0.0,0.0,0.0,2.0,2.0,0.0,22.6,9.2,0.0
2025-09-12,0.0,0.0,0.0,0.0,0.0,0.0,0.0,0.0,0.0,0.0,0.0,0.0,0.0,0.0,0.0,0.0,0.0,0.0,0.0
2025-09-13,2.0,2.2,0.0,1.0,1.2,0.0,0.0,0.0,0.0,0.0,0.0,0.0,0.0,0.0,1.0,0.0,7.4,2.2,0.0
2025-09-14,0.0,0.0,2.0,0.0,0.0,0.0,0.0,0.0,0.0,0.0,0.0,0.0,0.0,0.0,0.0,0.0,2.0,2.0,0.0
2025-09-15,11.0,26.8,6.0,18.6,20.5,4.3,1.3,0.0,0.0,0.0,0.0,0.0,0.0,2.0,2.5,0.0,93.0,26.8,0.0
2025-09-23,1.5,16.6,4.0,1.6,18.1,2.3,0.0,0.0,0.0,0.0,0.0,0.0,0.0,31.0,1.0,0.0,76.1,31.0,0.0
2025-09-24,23.0,32.0,18.5,38.1,32.5,18.5,5.3,0.0,0.0,0.0,5.9,5.2,5.5,77.0,24.5,0.0,286.0,77.0,0.0
2025-09-25,36.2,57.3,38.4,67.6,65.1,22.1,33.2,0.0,,0.0,0.0,4.6,14.5,55.0,36.0,0.0,430.0,67.6,0.0
2025-09-26,30.8,62.5,25.2,43.5,50.0,23.0,33.0,0.2,0.0,0.0,15.0,15.3,0.0,17.0,16.5,0.0,332.0,62.5,0.0
2025-09-27,14.5,12.0,26.9,25.6,8.6,2.0,0.0,0.0,0.0,0.0,0.0,0.0,0.0,0.0,14.5,0.0,104.1,26.9,0.0
2025-09-28,0.5,8.6,0.0,0.3,1.5,1.7,0.0,0.0,0.0,0.0,0.0,0.0,0.0,0.0,0.0,0.0,12.6,8.6,0.0
2025-09-29,4.5,9.5,9.0,4.2,7.1,0.0,1.5,0.0,,0.0,0.0,0.0,0.0,8.0,6.0,0.0,49.8,9.5,0.0
2025-09-30,0.0,0.0,0.0,0.4,0.0,0.0,0.0,0.0,0.0,0.0,0.0,0.0,0.0,0.0,0.0,0.0,0.4,0.4,0.0
2025-10-01,0.0,0.0,0.0,0.0,0.0,0.0,0.0,0.0,0.0,0.0,0.0,0.0,0.0,0.0,0.0,0.0,0.0,0.0,0.0
2025-10-02,0.0,0.0,0.0,0.0,0.0,0.0,0.0,0.0,0.0,0.0,0.0,0.0,0.0,0.0,0.0,0.0,0.0,0.0,0.0
2025-10-03,,0.0,0.0,0.0,0.0,0.0,7.3,15.2,,2.5,0.0,55.7,0.0,1.0,0.0,0.0,81.7,55.7,0.0
2025-10-04,20.0,25.7,26.5,50.5,25.6,43.1,15.5,14.0,17.0,18.7,10.0,36.0,17.5,17.0,15.0,73.6,425.7,73.6,10.0
2025-10-05,2.0,8.6,2.5,3.5,6.5,0.0,27.0,1.2,0.8,0.4,0.0,1.2,0.0,0.0,2.0,4.0,59.7,27.0,0.0
2025-10-06,0.0,0.0,0.0,0.4,0.0,0.0,0.0,0.0,0.0,0.0,24.0,0.0,0.4,0.0,0.0,11.4,36.2,24.0,0.0
2025-10-07,NA,NA,NA,NA,NA,NA,NA,NA,NA,NA,NA,NA,NA,NA,0.0,NA,0.0,0.0,0.0
2025-10-08,8.0,0.5,0.0,0.0,5.2,14.6,0.0,39.0,25.4,7.9,0.0,0.0,4.0,0.0,0.5,4.0,109.1,39.0,0.0
2025-10-18,2.0,1.5,1.0,0.5,3.3,1.1,1.5,19.2,23.0,1.5,45.6,2.9,3.5,45.0,4.5,4.6,160.7,45.6,0.5
2025-10-19,50.0,46.2,36.5,34.8,46.3,24.0,53.6,60.0,54.0,35.0,30.7,64.0,14.5,7.0,57.0,22.4,636.0,64.0,7.0
2025-10-20,16.0,17.6,26.0,26.4,16.7,16.6,33.0,4.5,23.0,19.3,18.2,4.8,21.5,40.0,28.0,0.5,312.1,40.0,0.5
2025-10-21,16.0,30.8,15.0,26.1,26.0,7.7,11.2,0.7,1.0,1.5,3.2,8.7,0.0,25.0,10.5,4.0,187.4,30.8,0.0
2025-10-22,27.0,49.4,28.0,45.7,53.2,13.5,10.5,1.5,0.0,0.8,23.3,14.0,14.5,65.0,34.5,0.0,380.9,65.0,0.0
2025-10-23,20.5,30.6,20.0,27.3,25.0,8.9,15.4,1.1,0.0,0.0,5.8,14.0,4.0,23.0,11.0,0.0,206.6,30.6,0.0
2025-10-24,39.0,36.5,18.0,28.8,14.4,21.5,10.5,0.7,0.0,0.0,2.3,6.0,4.0,63.0,29.5,1.5,275.7,63.0,0.0
2025-10-25,12.0,19.5,12.5,29.1,36.4,11.4,5.6,3.9,0.0,0.0,0.0,9.8,12.0,25.0,0.5,0.0,177.7,36.4,0.0
2025-10-26,0.0,0.0,0.0,0.0,0.0,0.0,0.0,0.0,0.0,0.0,0.0,0.0,0.0,0.0,0.0,0.0,0.0,0.0,0.0
2025-10-27,0.0,0.0,0.0,0.0,0.0,0.0,0.0,0.0,0.0,0.0,0.0,0.0,0.0,0.0,0.0,0.0,0.0,0.0,0.0
2025-10-28,0.0,0.0,0.0,0.0,0.0,0.9,0.0,0.0,0.0,0.0,0.0,0.0,0.0,0.0,0.0,0.0,0.9,0.9,0.0
2025-10-29,0.0,0.0,0.0,0.0,0.0,0.0,0.0,0.0,0.0,0.0,0.0,0.0,0.0,0.0,0.0,0.0,0.0,0.0,0.0
2025-10-30,0.0,0.0,0.0,0.0,0.0,0.0,0.0,0.0,0.0,0.0,0.0,0.0,0.0,0.0,0.0,0.0,0.0,0.0,0.0
2025-10-31,0.0,0.0,0.0,0.0,0.0,0.0,3.2,0.0,0.0,0.0,0.0,0.0,0.0,0.0,0.0,0.0,3.2,3.2,0.0
2025-11-01,0.0,0.0,0.0,0.0,35.2,0.0,0.0,0.0,0.0,0.0,34.3,23.6,0.0,0.0,20.0,0.0,113.1,35.2,0.0
2025-11-02,0.0,0.0,0.0,0.0,0.0,0.0,0.0,0.0,0.0,0.0,0.0,0.0,0.0,4.0,0.0,0.0,4.0,4.0,0.0
2025-11-03,,0.0,0.0,0.0,0.0,0.0,0.0,0.0,,0.0,0.0,0.0,0.0,0.0,0.0,0.0,0.0,0.0,0.0
2025-11-04,0.0,0.0,0.0,0.0,0.0,0.0,0.0,0.0,0.0,0.0,0.0,0.0,0.0,0.0,0.0,0.0,0.0,0.0,0.0
2025-11-05,0.0,0.3,0.0,1.4,1.3,0.0,0.0,0.0,0.0,0.0,0.0,0.0,0.0,5.0,1.5,0.0,9.5,5.0,0.0
2025-11-06,40.0,43.2,37.0,50.5,45.0,10.9,12.3,0.0,0.0,0.0,0.0,9.5,0.0,24.0,23.0,43.6,339.0,50.5,0.0
2025-11-07,5.4,5.0,0.4,1.0,0.4,0.0,0.0,0.0,0.0,2.2,0.0,0.0,10.0,2.0,0.0,2.0,28.4,10.0,0.0
2025-11-08,28.0,9.8,20.0,12.1,8.1,3.5,44.5,15.7,11.3,8.0,48.7,8.2,32.5,2.0,11.5,0.0,263.9,48.7,0.0
2025-11-09,0.0,0.5,0.0,0.8,6.5,0.0,0.0,0.0,0.0,0.0,1.2,6.2,0.2,0.0,0.0,0.0,15.4,6.5,0.0
2025-11-10,18.0,47.5,6.7,26.0,4.0,1.0,0.6,0.0,47.4,18.3,0.0,0.0,0.0,21.0,14.0,26.3,230.8,47.5,0.0
2025-11-11,0.0,5.6,0.0,14.2,6.7,14.0,0.0,0.0,0.0,0.0,0.0,0.0,35.5,1.0,0.5,0.0,77.5,35.5,0.0
2025-11-12,0.0,6.8,5.2,0.7,69.8,0.0,7.5,1.1,3.4,3.5,19.3,0.0,3.5,21.0,2.5,0.0,144.3,69.8,0.0
2025-11-13,2.7,4.2,4.5,1.7,61.3,10.0,34.5,3.5,29.0,51.4,0.0,5.0,5.0,42.0,5.5,5.0,265.3,61.3,0.0
2025-11-14,9.5,12.6,20.4,22.3,74.5,1.1,0.0,0.0,0.0,0.0,0.0,0.0,16.5,6.0,47.0,0.0,209.9,74.5,0.0
2025-11-15,0.0,0.3,0.0,0.0,1.0,0.0,0.0,0.0,18.6,22.5,1.3,0.0,0.0,0.0,0.0,23.4,67.1,23.4,0.0
2025-11-16,4.0,16.0,1.0,4.0,0.0,0.0,1.6,12.5,0.0,0.0,15.6,14.0,14.5,0.0,1.5,9.5,94.2,16.0,0.0
2025-11-17,28.5,24.4,25.0,27.2,51.5,50.3,52.0,97.0,24.2,30.5,41.2,26.0,57.0,43.0,49.5,0.0,627.3,97.0,0.0
2025-11-18,26.0,60.5,17.0,19.3,73.6,13.0,25.3,0.0,1.3,2.5,6.1,8.7,10.0,7.0,22.5,9.7,302.5,73.6,0.0
2025-11-19,7.5,38.2,4.0,7.5,33.0,2.5,0.0,0.0,0.0,0.0,0.0,0.0,0.0,0.0,0.0,0.0,92.7,38.2,0.0
2025-11-20,0.0,27.8,0.0,5.1,3.9,8.3,6.5,13.7,0.0,1.0,20.4,2.2,6.0,4.0,0.0,6.4,105.3,27.8,0.0
2025-11-21,2.0,18.5,8.0,9.6,29.0,12.3,2.5,29.0,53.2,34.5,19.5,10.8,87.5,137.0,0.0,5.2,458.6,137.0,0.0
2025-11-22,15.0,16.4,16.8,11.3,9.0,3.3,8.5,63.4,20.0,26.0,67.7,39.0,26.5,7.0,19.0,51.2,400.1,67.7,3.3
2025-11-23,71.0,25.5,27.0,37.4,21.0,55.7,20.0,14.3,16.5,9.8,21.2,31.5,55.4,4.0,34.0,23.0,467.3,71.0,4.0
2025-11-24,46.0,38.9,40.0,24.5,26.0,26.8,26.6,80.1,95.0,84.0,0.0,28.8,32.5,22.0,39.0,100.0,710.2,100.0,0.0
2025-11-26,73.5,79.5,67.0,78.6,69.6,76.6,91.0,200.0,200.0,267.0,230.4,145.0,51.0,43.0,88.5,163.5,1924.2,267.0,43.0
2025-11-27,275.0,358.2,182.0,271.6,294.3,225.1,253.0,200.0,336.7,278.8,204.2,272.0,77.0,130.0,207.5,48.4,3613.8,358.2,48.4
2025-11-28,191.0,146.0,177.0,247.9,226.4,52.7,0.0,16.0,2.8,6.2,0.0,0.0,0.0,36.0,NA,3.4,1105.4,247.9,0.0
2025-11-29,12.0,16.5,18.0,20.0,0.0,4.3,4.5,0.0,0.0,0.0,25.8,16.5,0.0,2.0,6.5,0.0,126.1,25.8,0.0
2025-11-30,0.0,0.0,0.0,0.0,0.0,0.0,0.0,0.0,0.0,0.0,0.0,0.0,0.0,0.0,0.0,0.0,0.0,0.0,0.0
2025-12-01,0.0,0.0,0.8,0.5,0.0,0.0,0.0,0.0,0.0,0.0,0.0,0.0,3.5,0.0,0.0,0.0,4.8,3.5,0.0
2025-12-02,0.0,0.0,0.0,0.0,0.0,0.0,0.0,0.0,0.0,0.0,0.0,0.0,0.0,0.0,0.0,0.0,0.0,0.0,0.0
2025-12-03,,0.0,0.0,0.0,0.0,0.0,0.0,2.4,,2.2,7.5,1.0,0.0,0.0,0.0,0.0,13.1,7.5,0.0
2025-12-04,0.0,0.2,2.0,0.0,31.7,0.0,0.0,0.0,0.7,0.0,3.0,2.5,0.0,34.0,23.5,0.0,97.6,34.0,0.0
2025-12-05,0.0,2.5,1.5,8.5,1.0,3.2,8.0,19.5,40.4,43.2,22.3,8.3,4.0,43.0,11.0,12.0,228.4,43.2,0.0
2025-12-06,0.0,0.0,1.0,0.0,0.0,0.0,0.0,0.0,0.0,0.0,3.8,0.0,0.0,12.0,0.0,0.0,16.8,12.0,0.0
2025-12-07,0.0,0.0,0.0,0.0,0.0,0.0,0.0,0.0,16.6,6.0,11.4,0.0,0.0,7.0,0.0,1.0,42.0,16.6,0.0
2025-12-08,0.0,0.0,0.0,0.0,0.0,0.0,0.0,0.0,0.0,0.0,0.0,0.0,0.0,1.0,2.0,3.5,6.5,3.5,0.0
2025-12-09,2.0,0.0,1.0,3.1,0.0,1.0,0.0,17.1,15.0,25.4,7.3,33.9,0.0,0.0,0.5,6.2,112.5,33.9,0.0
2025-12-10,0.0,0.0,0.0,0.0,0.0,0.0,0.0,1.9,1.3,1.5,23.5,6.3,0.0,0.0,0.0,0.5,35.0,23.5,0.0
2025-12-11,24.1,10.5,95.0,10.9,18.0,9.5,12.0,33.4,49.6,6.2,32.8,8.0,21.0,7.0,85.5,29.0,452.5,95.0,6.2
2025-12-12,0.0,0.0,0.0,0.0,0.0,0.0,0.0,3.8,2.6,8.0,3.7,1.1,0.0,48.0,0.0,0.0,67.2,48.0,0.0
2025-12-13,0.0,0.0,1.0,0.0,0.0,0.0,0.0,1.3,3.6,4.0,14.6,2.8,0.0,14.0,16.5,0.0,57.8,16.5,0.0
2025-12-14,0.0,0.0,0.0,0.0,0.0,0.0,0.0,1.9,3.9,4.5,7.9,0.0,0.0,0.0,0.0,0.0,18.2,7.9,0.0
2025-12-16,0.0,0.0,0.0,0.0,0.0,0.0,0.0,0.0,0.0,0.0,1.6,0.0,0.0,0.0,0.0,12.0,13.6,12.0,0.0
2025-12-17,3.0,2.5,6.5,3.0,1.8,2.3,3.4,91.0,103.0,92.0,51.3,25.5,4.0,0.0,8.5,45.0,442.8,103.0,0.0
2025-12-18,1.0,1.3,0.0,0.6,2.9,1.8,0.0,46.0,65.5,55.4,59.4,48.1,0.0,3.0,0.0,47.0,332.0,65.5,0.0
2025-12-19,4.0,2.6,6.2,1.8,0.5,9.5,0.0,11.5,41.6,54.1,0.0,1.8,12.0,2.0,4.0,9.0,160.6,54.1,0.0
2025-12-20,0.0,0.0,0.0,0.0,0.0,0.0,0.0,0.8,2.0,4.1,0.0,0.0,0.0,20.0,0.5,4.0,31.4,20.0,0.0
2025-12-21,0.0,0.0,0.0,0.0,0.0,0.0,0.0,0.5,3.1,2.6,0.0,0.0,0.0,0.0,0.0,15.0,21.2,15.0,0.0
2025-12-22,0.0,0.0,0.0,0.0,0.0,0.0,0.0,0.0,0.0,0.0,0.0,0.0,0.0,2.0,0.0,0.0,2.0,2.0,0.0
2025-12-24,10.0,6.8,9.5,10.4,3.6,0.0,1.4,0.0,1.3,0.6,8.7,0.0,4.0,15.0,12.0,0.0,83.3,15.0,0.0
2025-12-25,0.0,0.0,0.0,0.0,0.0,0.0,0.0,0.0,0.0,0.0,0.0,0.0,0.0,23.0,0.0,0.0,23.0,23.0,0.0
2025-12-26,0.0,0.0,0.0,0.0,0.0,0.0,0.0,1.3,0.0,0.6,0.0,0.0,0.0,1.0,0.0,0.0,2.9,1.3,0.0
2025-12-27,0.0,0.0,0.0,0.0,0.0,0.0,0.0,0.0,0.0,2.9,2.4,0.0,0.0,0.0,0.0,12.0,17.3,12.0,0.0
2025-12-28,0.0,0.0,0.0,0.0,0.0,0.0,0.0,0.0,4.1,4.5,29.7,0.0,0.0,6.0,0.0,0.0,44.3,29.7,0.0
2025-12-29,0.0,0.0,0.0,0.0,0.0,0.0,0.0,3.4,3.5,3.8,3.2,0.0,0.0,0.0,0.0,3.0,16.9,3.8,0.0
2025-12-30,0.0,0.0,0.0,0.0,0.0,0.0,0.0,0.0,0.0,0.0,0.0,0.0,12.0,0.0,0.0,3.0,15.0,12.0,0.0
2025-12-31,6.0,17.8,18.5,30.9,10.1,16.2,15.0,0.0,2.6,4.1,20.3,10.0,53.0,3.0,4.5,0.0,212.0,53.0,0.0
2026-01-01,0.0,14.0,0.0,7.1,0.3,0.0,12.5,2.5,12.7,20.5,35.2,0.0,47.0,0.0,0.0,17.0,168.8,47.0,0.0
2026-01-02,,3.7,0.0,2.2,2.0,0.0,0.0,0.0,,0.0,0.0,0.0,0.0,0.0,0.0,0.0,7.9,3.7,0.0
2026-01-03,0.0,0.0,0.0,0.0,0.0,0.0,0.0,0.0,0.0,0.0,0.0,0.0,0.0,0.0,0.0,0.0,0.0,0.0,0.0
2026-01-04,0.0,0.0,0.0,0.0,0.0,0.0,0.0,0.0,2.8,3.3,1.5,0.0,0.0,0.0,0.0,3.0,10.6,3.3,0.0
2026-01-05,4.5,1.6,3.5,3.7,0.8,4.7,2.0,34.5,90.5,60.8,30.5,10.2,36.5,16.0,4.5,40.0,344.3,90.5,0.8
2026-01-06,7.0,6.5,0.0,6.3,0.0,10.8,13.0,16.0,15.7,27.6,19.4,2.6,0.0,0.0,0.5,66.0,191.4,66.0,0.0
2026-01-07,0.0,0.0,3.6,0.0,0.0,0.0,0.0,0.1,3.6,5.0,1.0,0.0,0.0,0.0,0.0,6.0,19.3,6.0,0.0
2026-01-08,0.0,0.0,0.0,0.0,0.0,0.0,0.0,0.4,4.8,8.3,6.2,9.2,0.0,0.0,0.0,13.5,42.4,13.5,0.0
2026-01-09,0.5,2.5,0.0,1.1,2.0,1.3,3.7,1.5,3.3,5.0,16.7,9.0,0.0,0.0,0.0,0.2,46.8,16.7,0.0
2026-01-10,0.0,0.0,0.0,0.0,2.4,0.0,0.0,0.0,0.0,1.7,3.4,0.0,0.0,2.0,0.0,8.3,17.8,8.3,0.0
2026-01-11,13.0,1.5,8.0,15.0,11.5,2.9,2.4,0.0,0.0,3.5,22.2,0.0,0.0,0.0,8.0,2.0,90.0,22.2,0.0
2026-01-12,2.5,0.2,0.5,1.7,0.3,0.7,13.8,11.5,6.5,7.4,6.5,3.2,0.0,0.0,0.0,8.0,62.8,13.8,0.0
2026-01-13,0.0,0.0,0.0,0.0,4.1,0.0,0.0,0.0,0.0,0.0,5.5,0.0,20.5,2.0,0.0,0.0,32.1,20.5,0.0
2026-01-14,0.0,0.0,0.0,0.0,0.0,0.0,0.0,0.0,0.0,0.0,0.0,0.0,0.0,0.0,0.0,0.0,0.0,0.0,0.0
2026-01-15,0.0,0.0,0.0,0.0,0.0,0.0,0.0,0.0,0.0,0.0,0.0,0.0,0.0,6.0,0.0,0.0,6.0,6.0,0.0
2026-01-16,0.0,0.0,0.0,0.0,0.0,0.0,0.0,0.0,0.0,0.0,0.0,0.0,0.0,0.0,0.0,0.0,0.0,0.0,0.0
2026-01-18,0.0,0.0,0.0,0.0,0.0,0.0,0.0,0.0,0.0,0.0,0.0,0.0,0.0,0.0,0.0,0.0,0.0,0.0,0.0
